customer_id,engagement_score,treated,revenue_post,company_size,region
1,46.92,0,49.42,Medium,West
2,48.46,0,57.69,Small,Midwest
3,35.36,0,54.55,Enterprise,West
4,49.84,0,60.97,Large,Northeast
5,41.03,0,51.54,Enterprise,West
6,34.79,0,47.13,Small,West
7,41.92,0,43.94,Enterprise,Midwest
8,58.11,1,60.99,Large,West
9,48.09,0,46.57,Small,South
10,44.56,0,57.98,Large,Midwest
11,71.21,1,68.29,Small,Midwest
12,58.7,1,62.92,Medium,South
13,58.22,1,60.02,Large,Midwest
14,33.34,0,39.62,Small,South
15,65.0,1,70.06,Enterprise,West
16,22.21,0,43.62,Enterprise,West
17,32.82,0,51.08,Enterprise,West
18,44.77,0,43.62,Small,Midwest
19,73.35,1,77.27,Large,West
20,21.68,0,40.21,Enterprise,South
21,46.69,0,57.23,Small,Midwest
22,27.19,0,30.42,Large,South
23,33.8,0,48.95,Small,Midwest
24,44.32,0,51.79,Large,Northeast
25,25.91,0,41.85,Large,West
26,69.77,1,68.39,Enterprise,South
27,24.98,0,39.51,Medium,West
28,55.12,1,54.5,Large,West
29,29.8,0,38.58,Small,Midwest
30,26.39,0,43.33,Large,South
31,47.76,0,60.44,Enterprise,Midwest
32,40.73,0,55.9,Large,West
33,22.71,0,42.51,Enterprise,South
34,23.89,0,39.5,Large,Midwest
35,37.95,0,59.29,Medium,West
36,66.97,1,70.89,Enterprise,Northeast
37,71.08,1,72.52,Medium,South
38,23.98,0,35.33,Large,West
39,30.3,0,46.43,Large,South
40,40.35,0,43.98,Large,West
41,59.0,1,73.91,Medium,Midwest
42,37.11,0,44.35,Medium,South
43,33.31,0,43.62,Small,West
44,55.3,1,58.4,Enterprise,Northeast
45,60.89,1,62.59,Medium,South
46,49.25,0,57.98,Medium,Northeast
47,60.11,1,64.07,Small,West
48,20.25,0,40.33,Large,Northeast
49,39.67,0,53.43,Medium,Northeast
50,56.57,1,54.7,Medium,South
51,59.06,1,67.27,Large,Midwest
52,31.67,0,46.51,Large,South
53,39.92,0,46.45,Small,South
54,33.58,0,47.45,Large,South
55,73.91,1,71.52,Medium,Midwest
56,37.76,0,35.76,Small,Midwest
57,72.92,1,77.33,Medium,Midwest
58,73.02,1,76.55,Large,Midwest
59,51.54,1,53.24,Enterprise,West
60,72.25,1,66.35,Large,Midwest
61,24.6,0,49.07,Enterprise,Midwest
62,27.57,0,47.11,Medium,South
63,44.4,0,54.15,Medium,West
64,61.51,1,66.93,Large,West
65,78.23,1,74.99,Medium,Midwest
66,48.01,0,48.68,Large,South
67,20.44,0,37.4,Large,Northeast
68,30.89,0,50.43,Small,West
69,46.28,0,56.42,Medium,Northeast
70,61.4,1,66.12,Small,South
71,55.19,1,58.36,Small,South
72,72.57,1,75.23,Medium,South
73,35.93,0,43.13,Small,South
74,52.4,1,67.6,Small,Midwest
75,28.66,0,40.7,Small,Northeast
76,58.71,1,59.0,Large,Northeast
77,65.74,1,67.02,Large,Midwest
78,50.8,1,60.47,Medium,Midwest
79,46.89,0,53.93,Large,Midwest
80,31.15,0,38.96,Large,West
81,76.04,1,74.13,Large,Northeast
82,56.37,1,67.08,Enterprise,South
83,68.91,1,68.05,Large,South
84,21.46,0,33.0,Medium,Northeast
85,35.08,0,46.48,Enterprise,West
86,48.94,0,48.81,Large,Northeast
87,52.17,1,50.43,Medium,South
88,44.3,0,49.41,Large,Northeast
89,40.24,0,58.24,Small,South
90,47.02,0,53.1,Large,West
91,41.96,0,49.61,Large,Midwest
92,22.4,0,44.75,Large,Midwest
93,61.56,1,67.84,Small,Northeast
94,66.28,1,59.81,Medium,Northeast
95,38.67,0,58.68,Large,Midwest
96,77.96,1,73.97,Medium,Northeast
97,79.22,1,78.14,Enterprise,South
98,54.11,1,58.08,Small,West
99,67.65,1,58.05,Large,South
100,52.73,1,59.78,Small,South
101,35.67,0,42.32,Large,West
102,24.2,0,47.96,Enterprise,West
103,40.67,0,43.25,Medium,Northeast
104,31.12,0,45.69,Medium,West
105,75.34,1,74.67,Enterprise,South
106,78.27,1,75.26,Medium,West
107,51.9,1,57.45,Medium,South
108,53.79,1,52.0,Medium,West
109,75.83,1,64.38,Medium,West
110,64.85,1,62.64,Large,South
111,29.72,0,37.81,Medium,South
112,77.12,1,72.18,Small,Northeast
113,54.28,1,57.33,Small,South
114,21.24,0,34.16,Small,South
115,31.77,0,38.77,Enterprise,South
116,67.81,1,59.95,Enterprise,Midwest
117,27.67,0,43.55,Medium,Midwest
118,71.08,1,65.87,Large,Northeast
119,67.18,1,67.72,Small,South
120,22.12,0,40.67,Enterprise,Northeast
121,39.86,0,48.91,Small,South
122,50.41,1,62.44,Small,South
123,24.56,0,34.91,Small,Northeast
124,54.78,1,64.65,Medium,Northeast
125,78.82,1,75.37,Medium,South
126,56.01,1,61.02,Small,South
127,49.62,0,50.77,Medium,West
128,72.01,1,70.2,Large,West
129,77.84,1,75.16,Large,South
130,74.07,1,64.04,Small,Midwest
131,22.22,0,44.16,Small,Midwest
132,25.98,0,51.68,Large,South
133,56.93,1,62.14,Large,West
134,33.6,0,53.32,Medium,South
135,51.26,1,62.01,Medium,South
136,70.31,1,70.47,Medium,West
137,76.31,1,68.65,Medium,South
138,40.02,0,48.3,Large,South
139,70.92,1,64.56,Enterprise,West
140,50.24,1,63.84,Large,South
141,59.52,1,60.04,Small,West
142,27.53,0,52.57,Enterprise,Northeast
143,23.8,0,44.09,Small,Midwest
144,66.82,1,69.38,Enterprise,Northeast
145,55.91,1,55.34,Medium,South
146,69.43,1,72.04,Large,Northeast
147,26.95,0,42.37,Medium,Midwest
148,30.31,0,42.34,Medium,Midwest
149,23.78,0,38.61,Small,South
150,59.01,1,57.3,Small,West
151,56.93,1,62.52,Medium,West
152,45.53,0,51.93,Small,Midwest
153,28.12,0,37.49,Medium,Midwest
154,21.43,0,43.29,Enterprise,Northeast
155,35.54,0,58.41,Small,South
156,20.17,0,32.96,Large,Northeast
157,76.93,1,71.9,Small,South
158,30.21,0,53.4,Large,Northeast
159,35.93,0,44.08,Large,South
160,67.91,1,70.16,Large,Midwest
161,79.7,1,75.81,Small,Northeast
162,57.23,1,65.91,Small,Northeast
163,35.2,0,56.76,Small,Midwest
164,47.17,0,44.64,Enterprise,Northeast
165,23.58,0,42.74,Medium,South
166,26.54,0,40.77,Large,West
167,62.58,1,65.09,Medium,South
168,69.77,1,69.11,Medium,Northeast
169,36.21,0,46.63,Medium,West
170,64.3,1,60.72,Small,Midwest
171,58.42,1,58.12,Medium,Midwest
172,50.58,1,69.92,Small,South
173,37.36,0,41.77,Small,West
174,79.11,1,79.69,Medium,South
175,34.88,0,42.26,Large,South
176,32.52,0,46.74,Small,Midwest
177,26.6,0,53.14,Small,Northeast
178,59.54,1,67.74,Small,Midwest
179,74.07,1,63.85,Large,West
180,28.05,0,42.34,Small,South
181,26.27,0,43.0,Large,Northeast
182,74.27,1,76.29,Medium,Midwest
183,59.63,1,64.05,Medium,West
184,78.14,1,72.28,Medium,Northeast
185,62.62,1,73.91,Medium,Midwest
186,66.3,1,75.05,Medium,Northeast
187,47.7,0,57.34,Medium,West
188,34.3,0,44.02,Enterprise,South
189,54.15,1,47.82,Large,Midwest
190,41.49,0,44.35,Enterprise,Midwest
191,48.18,0,46.37,Enterprise,South
192,50.94,1,59.16,Medium,West
193,21.59,0,45.49,Large,West
194,56.51,1,72.14,Medium,South
195,41.51,0,57.12,Medium,South
196,68.73,1,64.81,Large,Midwest
197,23.38,0,42.96,Medium,South
198,53.37,1,62.7,Medium,South
199,41.6,0,43.0,Small,Northeast
200,25.6,0,38.43,Enterprise,Northeast
201,44.82,0,50.26,Small,Midwest
202,44.56,0,62.93,Small,South
203,65.2,1,68.53,Small,Northeast
204,29.12,0,37.99,Large,West
205,69.82,1,66.79,Medium,South
206,22.87,0,43.68,Enterprise,Northeast
207,50.94,1,58.22,Medium,South
208,58.94,1,61.69,Large,West
209,20.86,0,44.09,Small,West
210,24.15,0,49.08,Medium,South
211,36.41,0,54.29,Large,Midwest
212,42.89,0,49.94,Small,South
213,40.79,0,49.57,Medium,Midwest
214,78.28,1,71.59,Large,South
215,30.02,0,50.29,Large,Northeast
216,73.44,1,68.78,Enterprise,West
217,76.67,1,62.72,Medium,South
218,30.54,0,47.68,Small,South
219,65.52,1,69.4,Enterprise,Midwest
220,79.89,1,71.92,Enterprise,South
221,34.87,0,56.7,Medium,West
222,50.16,1,56.37,Small,Northeast
223,65.53,1,73.85,Small,Northeast
224,64.09,1,59.35,Large,Midwest
225,69.99,1,70.38,Small,South
226,40.89,0,46.4,Small,Northeast
227,27.24,0,43.25,Medium,Northeast
228,60.59,1,68.1,Large,West
229,40.37,0,47.34,Medium,West
230,58.76,1,59.89,Medium,Midwest
231,48.41,0,53.09,Large,West
232,47.52,0,72.56,Large,West
233,72.89,1,71.46,Medium,West
234,58.43,1,63.93,Small,South
235,57.47,1,64.91,Small,Northeast
236,78.25,1,64.55,Small,Midwest
237,36.18,0,52.7,Small,West
238,61.31,1,68.21,Medium,West
239,41.33,0,41.75,Small,Northeast
240,55.94,1,73.99,Large,West
241,69.03,1,68.53,Small,Northeast
242,75.37,1,66.1,Enterprise,South
243,45.63,0,54.38,Small,West
244,69.93,1,64.42,Medium,South
245,40.1,0,42.0,Large,Midwest
246,59.66,1,62.47,Enterprise,Northeast
247,72.66,1,69.19,Small,West
248,61.13,1,56.69,Large,Northeast
249,62.34,1,61.27,Large,Midwest
250,70.26,1,63.96,Medium,Northeast
251,35.15,0,45.79,Large,Northeast
252,64.81,1,69.65,Medium,South
253,58.26,1,63.84,Medium,Northeast
254,52.75,1,60.21,Small,Northeast
255,78.51,1,64.13,Small,Northeast
256,44.75,0,52.23,Medium,West
257,34.09,0,41.61,Small,Northeast
258,70.36,1,60.59,Small,Midwest
259,31.11,0,49.94,Small,Midwest
260,64.72,1,59.7,Large,West
261,75.69,1,72.32,Large,South
262,69.29,1,66.21,Large,Northeast
263,57.99,1,58.23,Enterprise,Northeast
264,75.39,1,77.79,Enterprise,Northeast
265,49.33,0,51.66,Small,South
266,24.54,0,39.61,Medium,Midwest
267,64.1,1,62.37,Medium,West
268,63.01,1,66.38,Small,West
269,71.92,1,69.16,Small,West
270,44.37,0,48.67,Enterprise,Northeast
271,28.7,0,39.74,Medium,Midwest
272,26.16,0,42.87,Medium,Northeast
273,40.72,0,47.11,Large,West
274,67.58,1,76.41,Large,South
275,51.28,1,57.01,Enterprise,Midwest
276,30.23,0,46.78,Enterprise,Midwest
277,34.51,0,46.8,Small,Midwest
278,40.9,0,49.01,Large,South
279,48.82,0,58.91,Small,West
280,70.37,1,72.08,Enterprise,South
281,79.54,1,76.57,Small,West
282,55.96,1,64.73,Medium,South
283,43.35,0,43.6,Enterprise,Northeast
284,31.0,0,47.7,Large,South
285,50.66,1,58.09,Small,Northeast
286,56.79,1,59.83,Small,South
287,39.62,0,67.11,Medium,Northeast
288,39.44,0,42.35,Medium,West
289,69.71,1,68.4,Large,Midwest
290,59.6,1,62.94,Small,Northeast
291,47.02,0,53.1,Large,Midwest
292,53.46,1,55.66,Medium,West
293,50.28,1,60.27,Enterprise,Northeast
294,30.46,0,39.61,Large,South
295,72.22,1,71.53,Enterprise,West
296,25.46,0,43.51,Small,Northeast
297,32.78,0,45.17,Enterprise,West
298,53.7,1,60.49,Enterprise,West
299,47.67,0,61.75,Medium,South
300,55.72,1,64.75,Enterprise,South
301,75.18,1,72.46,Large,West
302,37.16,0,50.7,Enterprise,Northeast
303,29.04,0,44.72,Large,South
304,27.28,0,46.4,Enterprise,Northeast
305,23.54,0,38.74,Small,Midwest
306,67.45,1,78.78,Small,Midwest
307,47.45,0,54.66,Medium,West
308,35.35,0,61.81,Large,Northeast
309,60.44,1,75.31,Small,South
310,66.64,1,64.8,Medium,Midwest
311,76.23,1,73.31,Small,South
312,43.97,0,53.81,Enterprise,West
313,61.37,1,69.35,Large,Northeast
314,36.24,0,48.78,Small,Northeast
315,71.93,1,76.0,Small,South
316,74.52,1,62.47,Enterprise,West
317,57.82,1,59.86,Medium,Midwest
318,59.54,1,62.81,Large,West
319,59.58,1,60.46,Enterprise,Midwest
320,55.49,1,53.09,Enterprise,West
321,46.33,0,57.58,Small,South
322,64.42,1,60.67,Large,West
323,78.6,1,69.93,Enterprise,West
324,64.75,1,70.15,Small,South
325,38.57,0,55.41,Large,Northeast
326,50.03,1,56.19,Large,West
327,55.82,1,56.73,Small,South
328,24.93,0,38.4,Medium,Midwest
329,49.52,0,60.33,Small,South
330,26.15,0,48.93,Small,South
331,50.63,1,61.0,Small,South
332,25.22,0,43.84,Medium,South
333,41.68,0,44.25,Medium,Midwest
334,77.27,1,74.96,Enterprise,West
335,20.45,0,44.15,Enterprise,Midwest
336,36.46,0,49.06,Enterprise,South
337,42.3,0,52.16,Large,South
338,55.4,1,56.54,Small,South
339,77.93,1,78.81,Medium,Northeast
340,58.38,1,56.4,Large,Midwest
341,73.63,1,70.73,Enterprise,West
342,29.76,0,47.17,Medium,Northeast
343,37.32,0,54.36,Large,Midwest
344,73.22,1,75.88,Enterprise,South
345,20.31,0,45.85,Large,West
346,47.23,0,52.1,Large,South
347,47.17,0,65.21,Enterprise,West
348,76.78,1,77.83,Large,Midwest
349,46.95,0,51.71,Small,West
350,74.38,1,69.75,Enterprise,Midwest
351,55.12,1,65.36,Large,Midwest
352,38.0,0,46.66,Small,South
353,28.9,0,38.06,Enterprise,South
354,49.41,0,55.12,Small,Northeast
355,21.06,0,29.17,Enterprise,West
356,40.11,0,51.85,Large,Midwest
357,51.38,1,62.88,Small,Midwest
358,53.5,1,59.42,Enterprise,Northeast
359,46.64,0,59.07,Small,South
360,77.84,1,77.18,Enterprise,Northeast
361,28.89,0,39.35,Large,Northeast
362,79.85,1,74.15,Medium,South
363,61.48,1,62.14,Enterprise,Northeast
364,69.5,1,67.13,Small,Midwest
365,58.06,1,68.76,Medium,South
366,32.9,0,49.58,Large,South
367,65.04,1,62.93,Small,Midwest
368,70.89,1,70.57,Small,Midwest
369,65.12,1,62.78,Large,South
370,72.44,1,67.79,Medium,West
371,23.81,0,49.6,Medium,South
372,77.72,1,85.59,Large,Midwest
373,76.35,1,81.07,Medium,West
374,73.82,1,72.3,Small,Northeast
375,58.24,1,64.04,Small,South
376,70.8,1,74.5,Small,Northeast
377,56.29,1,62.65,Large,South
378,49.53,0,47.64,Small,South
379,75.86,1,81.03,Enterprise,West
380,32.45,0,40.29,Small,Northeast
381,71.09,1,75.59,Medium,Northeast
382,46.43,0,57.02,Large,Northeast
383,37.52,0,58.06,Small,West
384,50.37,1,63.5,Medium,Northeast
385,58.24,1,60.18,Small,Midwest
386,30.96,0,50.91,Enterprise,Northeast
387,65.07,1,64.72,Small,Northeast
388,43.68,0,46.95,Small,West
389,62.22,1,55.95,Large,Midwest
390,29.43,0,44.1,Medium,Midwest
391,23.36,0,33.24,Enterprise,West
392,29.69,0,52.03,Enterprise,West
393,30.83,0,37.56,Large,West
394,65.69,1,64.95,Small,Northeast
395,49.55,0,53.09,Large,Northeast
396,65.84,1,67.78,Small,West
397,64.82,1,62.07,Small,Midwest
398,34.72,0,53.03,Small,South
399,74.65,1,72.14,Medium,South
400,66.14,1,66.98,Medium,Midwest
401,25.12,0,39.31,Large,Midwest
402,54.34,1,63.92,Medium,Northeast
403,44.76,0,59.37,Small,Northeast
404,47.57,0,67.26,Small,South
405,42.03,0,46.31,Medium,West
406,49.78,0,54.21,Large,South
407,41.34,0,41.13,Small,West
408,47.77,0,57.28,Large,Midwest
409,52.68,1,53.52,Enterprise,West
410,63.84,1,67.3,Small,West
411,29.09,0,50.72,Large,South
412,28.01,0,41.95,Enterprise,Midwest
413,49.87,0,50.28,Enterprise,Midwest
414,48.5,0,60.84,Small,Northeast
415,53.83,1,64.47,Small,Northeast
416,56.8,1,56.75,Large,Midwest
417,36.45,0,48.92,Medium,West
418,58.86,1,59.16,Small,South
419,49.74,0,60.17,Medium,South
420,49.75,0,55.49,Medium,West
421,55.63,1,69.46,Small,South
422,56.73,1,57.71,Small,West
423,57.01,1,63.64,Large,Northeast
424,69.84,1,68.86,Medium,South
425,49.97,0,56.26,Small,Northeast
426,76.46,1,69.4,Enterprise,Northeast
427,76.78,1,61.14,Large,South
428,40.12,0,53.46,Medium,Midwest
429,72.88,1,70.71,Small,Northeast
430,45.26,0,48.47,Large,West
431,78.46,1,70.72,Large,South
432,75.64,1,65.98,Enterprise,South
433,46.37,0,43.89,Small,Midwest
434,40.97,0,55.68,Large,Northeast
435,61.16,1,67.44,Small,Midwest
436,42.05,0,44.27,Enterprise,Northeast
437,59.62,1,76.43,Small,West
438,45.28,0,47.01,Medium,South
439,50.11,1,62.63,Large,Northeast
440,42.72,0,51.38,Large,Midwest
441,67.8,1,61.59,Large,Northeast
442,56.08,1,63.79,Medium,West
443,60.99,1,63.58,Enterprise,South
444,69.26,1,65.44,Medium,South
445,67.77,1,74.48,Medium,South
446,50.57,1,62.41,Enterprise,South
447,35.25,0,51.22,Medium,West
448,41.8,0,49.83,Large,South
449,53.12,1,62.32,Medium,Midwest
450,34.33,0,47.03,Small,Northeast
451,66.85,1,69.92,Medium,West
452,33.76,0,42.02,Medium,South
453,40.11,0,38.19,Small,South
454,57.96,1,69.76,Medium,South
455,61.86,1,64.86,Large,Northeast
456,43.68,0,54.7,Small,South
457,65.34,1,63.25,Medium,West
458,74.12,1,69.94,Medium,South
459,29.86,0,52.53,Small,South
460,74.95,1,73.3,Small,Midwest
461,52.28,1,71.17,Large,South
462,46.93,0,57.92,Medium,Northeast
463,67.75,1,64.53,Enterprise,Midwest
464,67.04,1,69.73,Large,Northeast
465,60.95,1,72.89,Enterprise,Midwest
466,44.51,0,53.36,Small,Midwest
467,36.04,0,51.25,Medium,Northeast
468,41.62,0,57.87,Medium,Midwest
469,54.4,1,49.47,Medium,Northeast
470,53.84,1,64.43,Enterprise,West
471,75.44,1,78.45,Medium,South
472,47.4,0,49.86,Small,Northeast
473,60.0,1,69.23,Large,Northeast
474,59.6,1,63.78,Small,South
475,63.9,1,57.49,Small,South
476,79.49,1,77.7,Medium,South
477,68.12,1,68.01,Small,West
478,22.38,0,40.82,Large,Northeast
479,68.7,1,71.58,Medium,South
480,79.99,1,69.25,Enterprise,Northeast
481,22.28,0,45.0,Medium,Midwest
482,55.83,1,57.35,Medium,Midwest
483,55.96,1,69.55,Medium,West
484,51.49,1,65.44,Large,Midwest
485,72.52,1,77.95,Small,Midwest
486,68.86,1,70.75,Medium,Northeast
487,30.32,0,43.04,Small,West
488,26.18,0,39.49,Medium,Northeast
489,30.0,0,41.09,Enterprise,Midwest
490,73.2,1,69.74,Large,West
491,25.9,0,39.52,Medium,Northeast
492,58.77,1,65.01,Small,South
493,61.0,1,60.47,Medium,Northeast
494,33.09,0,43.43,Large,West
495,33.79,0,44.99,Medium,South
496,70.14,1,65.19,Enterprise,South
497,45.2,0,50.89,Medium,South
498,49.97,0,57.9,Small,Midwest
499,43.83,0,47.5,Large,Midwest
500,30.99,0,39.48,Medium,Midwest
501,46.36,0,52.29,Medium,West
502,36.16,0,42.38,Enterprise,South
503,38.01,0,55.69,Large,Northeast
504,32.1,0,42.56,Enterprise,Midwest
505,57.59,1,63.04,Large,Northeast
506,37.21,0,50.88,Medium,Midwest
507,29.94,0,38.66,Medium,West
508,68.51,1,64.03,Medium,South
509,54.55,1,58.13,Small,Northeast
510,71.53,1,73.68,Large,West
511,66.89,1,76.6,Small,South
512,42.31,0,60.43,Enterprise,Northeast
513,53.7,1,67.22,Small,South
514,79.22,1,67.41,Small,Northeast
515,41.48,0,46.36,Small,Northeast
516,34.37,0,54.12,Medium,Northeast
517,29.79,0,52.52,Small,South
518,76.4,1,76.18,Small,South
519,34.97,0,51.52,Large,Midwest
520,75.66,1,69.68,Medium,South
521,55.51,1,70.34,Small,West
522,55.4,1,58.05,Medium,West
523,44.01,0,43.95,Small,Northeast
524,43.76,0,55.88,Enterprise,Northeast
525,39.25,0,46.71,Enterprise,Midwest
526,63.77,1,59.39,Medium,Northeast
527,64.33,1,70.55,Small,South
528,51.87,1,50.8,Small,Northeast
529,46.94,0,55.74,Large,South
530,58.14,1,60.84,Small,South
531,49.48,0,62.75,Large,West
532,69.45,1,71.01,Small,Midwest
533,23.91,0,47.32,Large,South
534,74.16,1,65.66,Medium,South
535,51.47,1,51.26,Small,South
536,50.55,1,57.47,Small,Northeast
537,43.46,0,54.79,Large,West
538,51.94,1,60.32,Large,South
539,33.22,0,52.36,Medium,Midwest
540,49.84,0,57.65,Medium,Northeast
541,43.89,0,46.7,Large,Northeast
542,37.64,0,51.14,Small,Midwest
543,32.73,0,47.23,Large,Midwest
544,71.61,1,76.16,Large,South
545,71.01,1,64.88,Small,West
546,49.11,0,51.24,Large,West
547,33.89,0,48.93,Enterprise,South
548,47.02,0,60.58,Enterprise,Midwest
549,75.54,1,70.77,Small,Midwest
550,66.76,1,70.36,Enterprise,South
551,68.45,1,68.4,Small,Northeast
552,62.16,1,64.87,Medium,West
553,63.44,1,71.48,Medium,South
554,28.98,0,45.04,Small,West
555,40.81,0,48.19,Medium,South
556,69.92,1,66.45,Enterprise,Northeast
557,30.64,0,43.78,Small,Northeast
558,24.51,0,38.79,Medium,Northeast
559,70.78,1,68.2,Large,Midwest
560,66.85,1,67.72,Small,Northeast
561,29.49,0,46.18,Enterprise,West
562,51.69,1,54.92,Enterprise,Midwest
563,22.5,0,39.15,Small,South
564,28.91,0,42.6,Medium,South
565,35.44,0,43.9,Small,West
566,62.24,1,62.22,Enterprise,Northeast
567,38.3,0,53.65,Small,South
568,68.63,1,75.13,Medium,South
569,21.41,0,39.14,Large,West
570,20.26,0,36.57,Large,West
571,37.99,0,48.59,Large,West
572,63.86,1,66.35,Small,South
573,77.09,1,76.01,Large,West
574,38.93,0,47.48,Large,South
575,53.41,1,58.0,Medium,Midwest
576,22.48,0,53.5,Large,West
577,20.08,0,33.57,Small,Northeast
578,20.95,0,44.98,Small,West
579,25.84,0,50.37,Small,South
580,72.46,1,68.96,Medium,West
581,58.48,1,65.44,Small,South
582,73.9,1,62.57,Small,Northeast
583,70.09,1,69.17,Medium,West
584,65.91,1,72.75,Large,Northeast
585,41.22,0,51.21,Medium,Northeast
586,28.04,0,44.21,Large,Northeast
587,26.2,0,51.77,Medium,West
588,21.5,0,44.85,Medium,West
589,30.67,0,48.87,Small,Midwest
590,21.15,0,36.52,Large,South
591,61.27,1,52.41,Large,South
592,43.33,0,53.53,Small,Northeast
593,51.69,1,59.87,Small,Northeast
594,48.73,0,58.18,Small,West
595,37.01,0,49.13,Medium,Northeast
596,26.87,0,43.66,Small,Northeast
597,52.54,1,60.42,Large,Northeast
598,71.82,1,64.36,Medium,West
599,64.98,1,57.27,Enterprise,South
600,75.89,1,67.52,Small,Midwest
601,41.36,0,45.17,Medium,Northeast
602,70.74,1,69.14,Enterprise,South
603,63.35,1,57.51,Small,Midwest
604,76.58,1,69.91,Large,Northeast
605,37.27,0,58.28,Small,South
606,68.22,1,67.74,Medium,South
607,50.49,1,59.49,Enterprise,West
608,46.2,0,53.18,Small,Midwest
609,47.95,0,55.03,Small,West
610,45.96,0,50.35,Small,South
611,72.62,1,69.49,Small,Midwest
612,76.66,1,69.62,Medium,South
613,59.78,1,56.43,Large,South
614,31.57,0,51.65,Small,South
615,45.23,0,48.2,Medium,Northeast
616,41.34,0,58.67,Large,Northeast
617,60.26,1,60.31,Large,West
618,24.22,0,35.32,Enterprise,West
619,59.25,1,73.3,Large,West
620,48.01,0,46.61,Small,Northeast
621,35.66,0,36.51,Small,Northeast
622,23.81,0,34.67,Large,Northeast
623,23.18,0,40.9,Small,West
624,73.53,1,64.08,Small,Northeast
625,54.6,1,58.49,Large,Northeast
626,53.09,1,50.38,Medium,Midwest
627,21.05,0,45.96,Medium,South
628,66.26,1,69.23,Medium,Midwest
629,32.64,0,39.99,Small,Midwest
630,43.0,0,39.92,Small,Midwest
631,58.8,1,58.88,Enterprise,West
632,28.07,0,47.29,Small,Northeast
633,67.8,1,73.28,Medium,Northeast
634,70.12,1,67.88,Small,South
635,51.17,1,57.08,Small,South
636,41.92,0,48.07,Small,South
637,35.11,0,49.08,Small,South
638,63.44,1,70.13,Large,South
639,40.43,0,49.5,Small,South
640,68.57,1,66.42,Medium,West
641,63.95,1,69.88,Large,Northeast
642,41.18,0,58.06,Medium,West
643,33.73,0,45.43,Small,Midwest
644,41.46,0,51.16,Small,Northeast
645,40.54,0,46.51,Small,Northeast
646,77.4,1,73.1,Small,Midwest
647,57.64,1,58.19,Medium,Midwest
648,59.45,1,70.84,Medium,South
649,37.01,0,52.94,Small,South
650,41.86,0,59.61,Small,South
651,47.97,0,51.18,Large,Midwest
652,78.6,1,83.65,Small,West
653,60.05,1,65.25,Medium,South
654,29.24,0,43.95,Enterprise,Midwest
655,79.46,1,80.02,Large,Northeast
656,36.16,0,42.98,Medium,South
657,57.3,1,62.82,Medium,West
658,72.51,1,69.47,Enterprise,West
659,56.95,1,64.56,Large,South
660,75.56,1,69.56,Medium,Midwest
661,70.89,1,66.75,Medium,Northeast
662,22.1,0,39.15,Enterprise,South
663,61.21,1,63.15,Small,Midwest
664,63.25,1,66.02,Medium,West
665,42.31,0,57.59,Medium,Northeast
666,74.57,1,60.5,Medium,West
667,68.06,1,71.86,Small,West
668,42.02,0,48.65,Large,Northeast
669,33.38,0,45.8,Small,Northeast
670,32.75,0,40.94,Medium,South
671,33.23,0,46.85,Enterprise,West
672,55.35,1,59.72,Small,South
673,58.57,1,62.16,Medium,South
674,28.93,0,47.38,Medium,West
675,52.91,1,63.63,Medium,Northeast
676,35.02,0,54.61,Small,West
677,74.62,1,68.35,Large,West
678,71.38,1,73.1,Large,South
679,26.94,0,46.64,Small,West
680,35.14,0,48.01,Medium,West
681,76.67,1,80.76,Medium,Midwest
682,37.94,0,45.78,Medium,West
683,68.95,1,69.23,Enterprise,South
684,23.03,0,43.04,Medium,West
685,43.27,0,45.64,Small,West
686,56.89,1,68.77,Medium,West
687,43.97,0,51.45,Medium,West
688,67.44,1,69.91,Medium,West
689,78.8,1,81.3,Small,Northeast
690,50.81,1,60.48,Small,South
691,47.82,0,54.11,Large,South
692,62.27,1,65.47,Small,Northeast
693,65.22,1,61.59,Small,West
694,23.59,0,39.89,Enterprise,Northeast
695,46.26,0,52.37,Large,South
696,49.98,0,55.48,Small,South
697,38.45,0,56.12,Small,West
698,65.55,1,71.42,Medium,South
699,73.22,1,67.67,Large,West
700,70.72,1,69.24,Small,South
701,58.03,1,70.02,Large,Northeast
702,67.65,1,59.21,Small,South
703,33.96,0,45.84,Small,West
704,21.54,0,34.24,Medium,Northeast
705,50.81,1,71.62,Large,Northeast
706,44.6,0,56.16,Large,South
707,72.9,1,67.97,Small,South
708,67.35,1,67.49,Medium,South
709,42.91,0,47.35,Small,Northeast
710,21.05,0,50.48,Small,South
711,36.49,0,36.78,Medium,Midwest
712,41.63,0,52.45,Medium,South
713,60.55,1,63.92,Large,Midwest
714,74.2,1,65.95,Enterprise,West
715,33.26,0,45.37,Medium,Midwest
716,67.15,1,59.47,Large,West
717,63.71,1,73.71,Small,South
718,41.19,0,50.72,Large,South
719,20.97,0,45.06,Small,South
720,21.96,0,38.56,Medium,South
721,57.15,1,69.3,Small,Northeast
722,70.83,1,69.59,Medium,South
723,57.92,1,68.32,Large,South
724,66.42,1,70.05,Small,Midwest
725,50.17,1,58.92,Large,Northeast
726,35.77,0,52.88,Enterprise,Northeast
727,22.39,0,62.12,Medium,South
728,69.04,1,62.86,Small,South
729,48.45,0,53.62,Large,South
730,72.59,1,63.83,Small,Midwest
731,42.21,0,53.18,Small,Midwest
732,36.56,0,49.41,Small,Northeast
733,60.02,1,73.72,Medium,Northeast
734,56.26,1,60.85,Small,Midwest
735,62.25,1,69.89,Medium,South
736,25.46,0,32.33,Medium,South
737,25.0,0,43.26,Large,Northeast
738,54.26,1,56.78,Enterprise,West
739,52.9,1,63.41,Large,South
740,25.58,0,48.54,Small,Northeast
741,45.81,0,49.91,Large,Midwest
742,58.02,1,65.71,Large,South
743,52.52,1,58.48,Small,South
744,31.19,0,45.83,Medium,West
745,75.67,1,73.89,Medium,West
746,22.06,0,36.01,Medium,South
747,36.35,0,43.18,Large,Midwest
748,24.05,0,46.36,Medium,South
749,37.0,0,45.11,Small,Midwest
750,61.12,1,70.96,Large,Midwest
751,21.43,0,31.84,Large,Midwest
752,22.33,0,45.84,Medium,Northeast
753,32.35,0,46.22,Medium,Northeast
754,21.66,0,40.36,Large,Midwest
755,43.4,0,52.44,Small,South
756,33.81,0,39.67,Medium,West
757,39.33,0,55.27,Enterprise,Northeast
758,70.23,1,66.96,Large,West
759,45.93,0,48.79,Small,Northeast
760,20.9,0,51.27,Enterprise,Northeast
761,52.81,1,58.66,Small,West
762,26.56,0,38.96,Medium,South
763,23.56,0,45.84,Large,South
764,39.64,0,51.14,Small,Midwest
765,36.33,0,53.21,Small,South
766,26.7,0,43.77,Medium,West
767,37.91,0,53.73,Small,West
768,49.04,0,64.78,Medium,Midwest
769,35.07,0,43.74,Large,South
770,21.94,0,38.67,Large,Northeast
771,73.56,1,62.76,Enterprise,West
772,59.08,1,65.44,Enterprise,Northeast
773,62.4,1,65.83,Enterprise,Northeast
774,44.49,0,58.56,Medium,Midwest
775,54.4,1,61.06,Small,West
776,62.18,1,64.67,Large,South
777,41.4,0,51.68,Enterprise,Midwest
778,69.88,1,67.77,Large,West
779,66.34,1,69.01,Large,South
780,37.23,0,49.74,Large,Northeast
781,39.97,0,52.68,Medium,Northeast
782,31.04,0,44.38,Medium,South
783,50.16,1,61.83,Small,West
784,68.68,1,71.43,Large,South
785,53.84,1,59.29,Medium,Midwest
786,41.28,0,50.23,Small,Midwest
787,44.61,0,51.43,Small,South
788,61.56,1,58.64,Medium,Northeast
789,50.86,1,57.0,Medium,Northeast
790,53.16,1,64.38,Large,Northeast
791,56.58,1,66.52,Enterprise,South
792,64.31,1,67.85,Medium,Northeast
793,57.54,1,57.7,Medium,Northeast
794,61.06,1,69.42,Small,Midwest
795,59.97,1,73.24,Medium,South
796,75.59,1,74.76,Large,South
797,64.19,1,66.08,Large,Northeast
798,52.79,1,56.08,Small,Northeast
799,73.88,1,70.87,Medium,Midwest
800,74.02,1,68.54,Large,South
801,41.09,0,49.55,Small,Midwest
802,68.32,1,74.61,Enterprise,South
803,78.95,1,77.89,Small,Northeast
804,32.41,0,44.49,Medium,West
805,43.82,0,52.35,Medium,Northeast
806,44.93,0,52.44,Small,South
807,56.63,1,60.15,Small,Midwest
808,77.76,1,66.16,Small,Midwest
809,38.34,0,53.31,Small,South
810,65.22,1,72.52,Medium,West
811,66.71,1,64.32,Small,South
812,61.77,1,61.62,Small,West
813,55.3,1,66.19,Medium,Northeast
814,54.3,1,57.82,Medium,South
815,36.92,0,41.53,Large,Northeast
816,28.24,0,41.9,Medium,Midwest
817,40.04,0,56.8,Enterprise,South
818,33.78,0,44.27,Small,Midwest
819,59.16,1,60.34,Large,Midwest
820,71.19,1,67.24,Medium,South
821,29.52,0,39.01,Enterprise,Midwest
822,59.57,1,57.2,Small,Midwest
823,27.31,0,42.34,Enterprise,West
824,42.81,0,44.39,Enterprise,Northeast
825,30.39,0,43.2,Small,South
826,37.97,0,50.3,Medium,West
827,71.51,1,71.64,Small,South
828,45.18,0,51.89,Small,Midwest
829,26.52,0,37.27,Medium,South
830,31.94,0,43.91,Medium,West
831,70.62,1,71.04,Medium,Midwest
832,44.61,0,55.41,Medium,West
833,76.16,1,70.71,Medium,Midwest
834,53.67,1,57.32,Small,South
835,50.42,1,59.63,Small,South
836,47.37,0,51.92,Medium,West
837,66.41,1,62.11,Small,Midwest
838,70.14,1,70.61,Large,Northeast
839,27.62,0,43.9,Large,South
840,44.5,0,46.71,Enterprise,Midwest
841,36.97,0,45.33,Medium,Northeast
842,73.96,1,70.03,Small,Midwest
843,64.08,1,58.42,Small,West
844,37.54,0,45.14,Medium,South
845,44.5,0,55.41,Enterprise,Northeast
846,45.15,0,50.13,Medium,West
847,75.91,1,67.96,Enterprise,South
848,48.42,0,59.62,Enterprise,West
849,21.11,0,42.3,Medium,Northeast
850,63.81,1,69.38,Medium,Northeast
851,25.79,0,38.97,Small,Northeast
852,57.84,1,61.5,Large,South
853,50.81,1,59.35,Medium,West
854,65.76,1,68.02,Small,Midwest
855,53.01,1,71.93,Enterprise,Northeast
856,30.51,0,45.68,Large,Northeast
857,73.64,1,76.24,Enterprise,Midwest
858,74.2,1,82.54,Small,Northeast
859,45.24,0,61.2,Large,Northeast
860,56.57,1,63.07,Large,Midwest
861,53.15,1,66.31,Small,Northeast
862,52.05,1,60.66,Small,South
863,25.41,0,42.51,Small,South
864,49.64,0,59.02,Small,South
865,33.51,0,51.17,Large,South
866,67.87,1,70.47,Enterprise,South
867,70.93,1,68.63,Enterprise,Northeast
868,21.12,0,38.15,Small,West
869,64.2,1,60.07,Large,South
870,26.89,0,44.26,Small,Midwest
871,20.59,0,41.48,Small,South
872,20.82,0,44.56,Large,South
873,47.96,0,46.68,Enterprise,South
874,68.85,1,68.94,Enterprise,Midwest
875,38.68,0,48.33,Medium,Northeast
876,75.48,1,71.45,Large,Northeast
877,45.27,0,58.86,Medium,West
878,31.32,0,52.07,Large,South
879,47.54,0,58.85,Small,West
880,57.62,1,63.28,Small,Northeast
881,50.34,1,58.22,Enterprise,West
882,46.44,0,59.24,Medium,Midwest
883,31.31,0,54.2,Enterprise,Northeast
884,61.96,1,72.97,Small,Northeast
885,41.02,0,52.96,Large,West
886,78.23,1,73.32,Enterprise,South
887,44.04,0,55.48,Small,Northeast
888,33.29,0,50.42,Medium,Northeast
889,71.58,1,67.79,Large,South
890,32.52,0,45.3,Small,South
891,30.09,0,60.28,Medium,South
892,63.11,1,63.55,Small,West
893,37.89,0,53.2,Small,Northeast
894,45.04,0,49.95,Small,Midwest
895,47.06,0,52.91,Small,West
896,67.01,1,62.9,Small,Northeast
897,54.46,1,56.63,Enterprise,West
898,64.48,1,69.33,Small,South
899,79.25,1,76.12,Small,South
900,62.66,1,74.53,Large,Northeast
901,36.73,0,48.5,Large,South
902,66.02,1,67.79,Medium,Northeast
903,71.0,1,69.28,Medium,Northeast
904,45.85,0,48.06,Medium,Northeast
905,59.57,1,66.73,Enterprise,West
906,49.42,0,53.87,Enterprise,West
907,27.65,0,36.65,Small,Midwest
908,63.73,1,71.4,Medium,South
909,46.62,0,50.44,Large,West
910,40.78,0,52.05,Large,West
911,48.06,0,55.86,Small,West
912,54.92,1,62.51,Enterprise,Midwest
913,65.41,1,61.68,Large,South
914,74.52,1,78.24,Medium,West
915,61.06,1,60.88,Medium,South
916,79.66,1,61.55,Medium,Midwest
917,29.45,0,48.97,Large,Northeast
918,29.26,0,48.71,Medium,Northeast
919,67.43,1,61.74,Large,West
920,58.01,1,62.98,Enterprise,Midwest
921,71.73,1,75.26,Large,Midwest
922,60.74,1,71.43,Small,Northeast
923,20.76,0,43.44,Medium,South
924,60.36,1,68.32,Small,South
925,32.7,0,49.93,Small,West
926,46.82,0,52.72,Large,South
927,61.49,1,59.3,Medium,South
928,59.38,1,62.38,Small,Northeast
929,42.95,0,57.1,Large,South
930,62.78,1,70.97,Small,South
931,76.65,1,73.34,Enterprise,West
932,33.85,0,45.26,Large,West
933,27.17,0,52.26,Small,South
934,28.1,0,44.67,Enterprise,South
935,47.46,0,56.92,Small,West
936,37.89,0,42.91,Small,South
937,48.05,0,53.74,Medium,Midwest
938,25.06,0,47.96,Small,Northeast
939,34.82,0,40.56,Large,South
940,40.83,0,50.22,Enterprise,Northeast
941,76.03,1,74.06,Large,Northeast
942,37.82,0,56.05,Medium,Northeast
943,22.89,0,46.33,Small,South
944,38.66,0,57.8,Medium,South
945,76.21,1,76.27,Small,West
946,45.63,0,57.27,Enterprise,South
947,69.11,1,63.78,Small,Northeast
948,36.04,0,43.1,Small,South
949,28.15,0,52.48,Large,Northeast
950,49.8,0,52.63,Large,Northeast
951,62.11,1,62.34,Enterprise,Northeast
952,70.71,1,57.82,Enterprise,West
953,34.46,0,52.53,Medium,South
954,79.2,1,68.0,Enterprise,Northeast
955,49.35,0,50.58,Enterprise,South
956,50.14,1,64.54,Enterprise,Northeast
957,71.51,1,58.71,Enterprise,Midwest
958,44.44,0,59.01,Medium,West
959,65.44,1,62.58,Small,Northeast
960,54.06,1,60.3,Enterprise,South
961,28.12,0,40.18,Medium,Midwest
962,21.98,0,34.34,Enterprise,Midwest
963,76.05,1,68.23,Medium,West
964,71.99,1,65.86,Medium,Midwest
965,79.01,1,67.35,Large,Northeast
966,60.45,1,71.94,Medium,West
967,58.74,1,58.52,Small,Northeast
968,32.51,0,36.82,Large,Northeast
969,58.54,1,52.95,Small,West
970,49.3,0,56.83,Large,Midwest
971,42.64,0,42.65,Enterprise,South
972,60.95,1,63.58,Medium,South
973,25.1,0,52.4,Large,Northeast
974,50.23,1,60.03,Small,Midwest
975,65.49,1,68.36,Large,West
976,69.8,1,66.25,Medium,Midwest
977,49.4,0,54.63,Small,West
978,41.16,0,49.5,Enterprise,Midwest
979,54.34,1,62.71,Medium,Northeast
980,27.69,0,52.13,Large,South
981,25.49,0,40.61,Medium,Northeast
982,69.15,1,64.63,Enterprise,Northeast
983,27.59,0,43.42,Large,Northeast
984,45.04,0,57.32,Large,West
985,44.7,0,50.66,Small,Northeast
986,78.98,1,74.82,Large,South
987,62.31,1,67.71,Medium,West
988,65.99,1,77.76,Large,Midwest
989,60.19,1,68.71,Enterprise,Northeast
990,36.35,0,43.81,Large,South
991,41.67,0,39.88,Medium,West
992,30.99,0,46.25,Enterprise,South
993,52.53,1,56.74,Large,Northeast
994,24.67,0,39.91,Large,Midwest
995,74.23,1,66.14,Enterprise,South
996,31.79,0,43.37,Small,South
997,32.81,0,43.78,Medium,Northeast
998,49.07,0,53.96,Small,West
999,39.19,0,46.23,Large,West
1000,29.99,0,41.41,Medium,South
1001,79.14,1,76.22,Large,South
1002,36.78,0,48.38,Small,Northeast
1003,64.37,1,66.21,Large,Midwest
1004,63.56,1,65.54,Small,Northeast
1005,34.67,0,42.86,Medium,Midwest
1006,36.66,0,55.51,Medium,West
1007,52.08,1,70.2,Large,Northeast
1008,71.66,1,76.02,Medium,Northeast
1009,64.37,1,57.36,Large,Northeast
1010,38.18,0,45.78,Small,South
1011,22.59,0,44.84,Large,West
1012,56.44,1,58.47,Medium,Northeast
1013,48.54,0,50.77,Small,Midwest
1014,40.63,0,43.46,Enterprise,South
1015,58.77,1,61.57,Enterprise,South
1016,77.1,1,68.44,Small,Northeast
1017,74.21,1,59.15,Small,West
1018,59.94,1,69.73,Large,West
1019,77.56,1,74.86,Enterprise,Northeast
1020,43.74,0,45.19,Medium,Midwest
1021,26.06,0,47.37,Large,South
1022,47.14,0,54.2,Small,Northeast
1023,59.62,1,69.61,Small,South
1024,68.09,1,71.71,Small,Northeast
1025,76.28,1,68.26,Large,West
1026,51.03,1,62.86,Medium,South
1027,42.38,0,54.75,Large,West
1028,36.9,0,53.73,Small,West
1029,56.41,1,67.19,Small,South
1030,61.57,1,75.17,Medium,Midwest
1031,57.94,1,67.73,Medium,West
1032,31.71,0,41.93,Medium,Northeast
1033,46.77,0,54.27,Large,Northeast
1034,24.46,0,36.98,Medium,South
1035,51.22,1,65.66,Enterprise,South
1036,32.85,0,42.14,Large,West
1037,73.35,1,81.83,Medium,South
1038,68.49,1,66.78,Enterprise,South
1039,63.89,1,65.72,Medium,South
1040,26.74,0,41.05,Medium,South
1041,46.81,0,49.82,Large,West
1042,30.81,0,42.75,Enterprise,Midwest
1043,22.63,0,42.47,Small,West
1044,44.15,0,52.16,Small,Northeast
1045,38.82,0,47.28,Large,West
1046,75.09,1,73.08,Medium,West
1047,75.56,1,69.07,Enterprise,West
1048,76.09,1,72.02,Medium,West
1049,20.86,0,49.26,Enterprise,Midwest
1050,51.13,1,56.7,Small,Midwest
1051,21.09,0,39.03,Enterprise,Northeast
1052,56.27,1,56.36,Large,South
1053,50.51,1,57.56,Enterprise,West
1054,45.82,0,54.78,Small,South
1055,23.16,0,38.94,Medium,Midwest
1056,26.29,0,37.48,Small,Midwest
1057,38.78,0,51.2,Large,Midwest
1058,34.52,0,49.6,Small,South
1059,30.73,0,48.43,Medium,West
1060,71.08,1,63.34,Small,Northeast
1061,21.71,0,47.71,Large,West
1062,33.07,0,44.1,Large,Northeast
1063,75.02,1,66.47,Small,West
1064,72.3,1,75.27,Large,West
1065,41.31,0,57.33,Small,West
1066,68.26,1,66.56,Enterprise,Northeast
1067,29.13,0,40.4,Enterprise,West
1068,58.43,1,65.42,Small,South
1069,72.99,1,63.83,Medium,Northeast
1070,48.32,0,66.92,Medium,Northeast
1071,30.01,0,39.85,Large,Midwest
1072,54.73,1,63.14,Enterprise,West
1073,64.89,1,65.64,Medium,Midwest
1074,71.94,1,65.37,Medium,South
1075,42.75,0,46.7,Small,South
1076,37.04,0,54.16,Medium,Northeast
1077,61.13,1,66.4,Enterprise,Northeast
1078,34.99,0,44.02,Enterprise,West
1079,34.57,0,44.48,Medium,Northeast
1080,30.94,0,41.4,Small,Midwest
1081,42.05,0,55.43,Medium,South
1082,46.36,0,57.79,Medium,Northeast
1083,63.49,1,68.38,Large,South
1084,26.46,0,44.5,Large,Northeast
1085,45.56,0,55.91,Large,Midwest
1086,59.47,1,55.49,Medium,Midwest
1087,52.7,1,61.72,Large,West
1088,67.28,1,72.98,Large,South
1089,73.54,1,71.92,Large,Northeast
1090,32.76,0,46.65,Large,South
1091,74.52,1,68.08,Enterprise,West
1092,73.12,1,67.71,Small,Midwest
1093,41.83,0,48.3,Small,West
1094,68.8,1,69.51,Small,Northeast
1095,50.91,1,57.03,Large,Midwest
1096,68.65,1,59.21,Medium,Midwest
1097,64.88,1,70.43,Medium,Northeast
1098,77.74,1,75.48,Small,Northeast
1099,33.27,0,48.41,Enterprise,South
1100,64.16,1,61.4,Medium,South
1101,20.83,0,37.96,Small,South
1102,75.3,1,74.25,Medium,Midwest
1103,31.93,0,46.1,Medium,Northeast
1104,42.41,0,47.71,Enterprise,Midwest
1105,70.58,1,75.79,Enterprise,South
1106,48.66,0,50.09,Large,Northeast
1107,59.83,1,48.99,Medium,Midwest
1108,41.69,0,51.28,Enterprise,South
1109,53.32,1,61.31,Small,Northeast
1110,70.73,1,69.65,Large,Midwest
1111,73.55,1,72.78,Medium,South
1112,47.38,0,50.9,Medium,South
1113,63.21,1,70.74,Small,South
1114,48.03,0,47.19,Small,South
1115,76.38,1,72.08,Large,Midwest
1116,63.65,1,62.7,Large,South
1117,45.88,0,57.97,Enterprise,South
1118,49.89,0,50.97,Large,Midwest
1119,30.99,0,45.85,Small,West
1120,76.46,1,72.66,Small,Northeast
1121,35.3,0,48.63,Large,Midwest
1122,30.88,0,41.79,Small,Northeast
1123,47.13,0,55.39,Small,South
1124,63.57,1,65.93,Medium,West
1125,60.96,1,66.2,Large,South
1126,35.27,0,55.51,Large,Northeast
1127,35.9,0,48.53,Small,South
1128,34.14,0,42.09,Enterprise,South
1129,56.19,1,71.9,Enterprise,West
1130,77.43,1,77.61,Large,West
1131,73.36,1,73.95,Small,South
1132,50.27,1,58.22,Large,West
1133,42.67,0,55.03,Medium,South
1134,43.74,0,41.59,Small,South
1135,68.37,1,75.92,Large,Northeast
1136,59.04,1,68.0,Enterprise,West
1137,22.48,0,40.35,Medium,Midwest
1138,24.54,0,46.62,Small,West
1139,48.88,0,57.53,Small,West
1140,51.94,1,54.92,Medium,South
1141,77.64,1,73.71,Large,West
1142,28.46,0,46.11,Small,South
1143,68.46,1,67.56,Small,West
1144,73.73,1,69.77,Enterprise,Northeast
1145,42.66,0,55.84,Enterprise,South
1146,29.71,0,45.73,Enterprise,West
1147,34.78,0,56.78,Small,Northeast
1148,59.77,1,60.62,Enterprise,West
1149,24.19,0,44.14,Medium,Northeast
1150,73.14,1,65.97,Medium,Midwest
1151,65.4,1,70.09,Medium,Midwest
1152,67.67,1,62.26,Enterprise,Northeast
1153,64.42,1,67.65,Small,West
1154,27.72,0,49.76,Enterprise,Northeast
1155,63.85,1,66.19,Enterprise,West
1156,55.95,1,57.02,Enterprise,West
1157,23.06,0,46.25,Medium,Midwest
1158,37.08,0,50.34,Medium,West
1159,45.39,0,52.27,Small,Midwest
1160,52.57,1,55.45,Medium,West
1161,30.83,0,37.36,Small,West
1162,51.63,1,71.07,Large,Midwest
1163,77.46,1,69.86,Enterprise,West
1164,41.28,0,45.67,Enterprise,South
1165,29.09,0,46.12,Medium,South
1166,48.12,0,48.97,Medium,West
1167,47.03,0,56.01,Medium,Midwest
1168,75.03,1,78.27,Enterprise,Northeast
1169,47.74,0,48.58,Small,South
1170,34.6,0,45.81,Medium,Midwest
1171,33.47,0,48.89,Small,Northeast
1172,22.07,0,34.95,Large,South
1173,64.48,1,61.69,Medium,Northeast
1174,36.07,0,47.45,Enterprise,Northeast
1175,67.28,1,77.44,Enterprise,West
1176,53.02,1,56.25,Enterprise,South
1177,62.7,1,63.94,Medium,West
1178,32.19,0,58.49,Enterprise,South
1179,29.3,0,48.63,Medium,West
1180,45.09,0,44.07,Medium,Midwest
1181,41.41,0,49.54,Medium,South
1182,50.37,1,62.11,Large,Northeast
1183,64.9,1,73.68,Small,West
1184,74.53,1,78.23,Medium,Midwest
1185,55.66,1,64.63,Enterprise,Northeast
1186,33.55,0,50.36,Small,West
1187,37.72,0,42.37,Small,South
1188,74.34,1,67.71,Enterprise,Northeast
1189,32.58,0,39.8,Large,South
1190,25.7,0,48.0,Small,West
1191,75.27,1,73.52,Medium,South
1192,21.6,0,41.33,Medium,West
1193,64.93,1,74.18,Small,South
1194,28.74,0,47.06,Small,Northeast
1195,59.98,1,69.68,Small,Northeast
1196,31.19,0,49.37,Large,West
1197,73.83,1,75.18,Medium,Northeast
1198,22.99,0,36.28,Medium,West
1199,38.27,0,54.01,Small,South
1200,66.98,1,69.86,Small,West
1201,54.04,1,58.98,Medium,Northeast
1202,45.31,0,56.08,Large,South
1203,46.13,0,59.5,Enterprise,Northeast
1204,50.14,1,58.58,Small,South
1205,79.69,1,70.1,Small,West
1206,60.42,1,60.69,Large,Northeast
1207,49.22,0,47.64,Medium,West
1208,39.31,0,48.81,Medium,Midwest
1209,50.23,1,62.07,Large,Midwest
1210,75.36,1,80.35,Medium,South
1211,33.14,0,42.54,Medium,West
1212,40.73,0,52.16,Medium,West
1213,23.9,0,42.06,Medium,West
1214,57.75,1,62.83,Small,Northeast
1215,66.02,1,59.36,Small,South
1216,57.92,1,57.91,Large,West
1217,68.71,1,77.43,Small,Midwest
1218,66.24,1,72.17,Small,South
1219,78.35,1,74.59,Medium,South
1220,47.15,0,55.88,Medium,South
1221,25.04,0,46.24,Small,Midwest
1222,52.12,1,57.82,Enterprise,South
1223,66.26,1,65.09,Small,South
1224,44.42,0,49.13,Enterprise,South
1225,46.95,0,54.32,Enterprise,South
1226,64.24,1,60.37,Small,Northeast
1227,21.01,0,37.19,Small,Northeast
1228,59.44,1,66.25,Small,Midwest
1229,62.43,1,63.45,Enterprise,West
1230,78.24,1,64.37,Enterprise,Northeast
1231,63.8,1,64.0,Medium,West
1232,27.85,0,46.65,Enterprise,Midwest
1233,49.9,0,55.53,Large,West
1234,44.36,0,43.73,Medium,South
1235,44.06,0,57.19,Enterprise,Midwest
1236,67.11,1,66.32,Medium,South
1237,54.87,1,63.13,Medium,West
1238,63.85,1,71.15,Large,Northeast
1239,64.75,1,65.75,Large,Northeast
1240,61.3,1,55.1,Medium,West
1241,65.47,1,75.51,Medium,Northeast
1242,33.11,0,35.52,Small,West
1243,25.92,0,41.3,Small,Northeast
1244,29.68,0,51.32,Medium,Northeast
1245,68.53,1,64.78,Medium,South
1246,77.36,1,69.49,Small,Midwest
1247,76.21,1,71.02,Small,Midwest
1248,20.77,0,39.48,Small,West
1249,79.7,1,69.55,Enterprise,Midwest
1250,73.19,1,67.42,Large,Midwest
1251,31.93,0,51.34,Small,Midwest
1252,53.44,1,58.07,Large,South
1253,79.08,1,76.05,Medium,Midwest
1254,48.26,0,49.57,Medium,West
1255,77.21,1,79.53,Large,West
1256,52.63,1,65.0,Medium,Northeast
1257,40.66,0,49.88,Small,South
1258,29.63,0,48.02,Large,Midwest
1259,26.24,0,50.73,Small,Midwest
1260,62.4,1,60.19,Enterprise,South
1261,39.65,0,44.55,Enterprise,West
1262,44.46,0,54.1,Medium,South
1263,76.23,1,65.65,Large,South
1264,31.99,0,38.23,Enterprise,West
1265,42.4,0,43.18,Enterprise,Midwest
1266,74.57,1,72.03,Small,West
1267,76.44,1,62.04,Small,Northeast
1268,68.17,1,66.07,Medium,Northeast
1269,42.99,0,34.34,Medium,West
1270,27.53,0,45.95,Medium,South
1271,67.36,1,70.21,Small,Northeast
1272,70.34,1,68.11,Medium,Midwest
1273,62.89,1,71.35,Small,West
1274,40.24,0,54.1,Medium,West
1275,59.15,1,59.62,Small,West
1276,62.14,1,60.68,Medium,Northeast
1277,73.25,1,75.04,Medium,West
1278,28.35,0,47.6,Medium,Northeast
1279,35.83,0,46.57,Small,South
1280,44.22,0,43.31,Medium,Northeast
1281,68.7,1,73.0,Small,South
1282,73.62,1,71.14,Small,Northeast
1283,36.7,0,48.06,Large,West
1284,50.25,1,44.93,Large,West
1285,56.46,1,64.9,Medium,Northeast
1286,29.93,0,44.66,Enterprise,Northeast
1287,67.54,1,65.07,Large,Northeast
1288,48.25,0,49.94,Enterprise,Midwest
1289,73.68,1,71.39,Medium,West
1290,52.9,1,62.79,Medium,Midwest
1291,69.98,1,67.08,Large,South
1292,22.95,0,44.27,Medium,West
1293,46.33,0,47.4,Large,South
1294,45.15,0,49.31,Medium,West
1295,31.64,0,49.25,Small,South
1296,53.7,1,58.83,Large,Midwest
1297,65.03,1,75.1,Medium,South
1298,49.6,0,56.18,Large,Northeast
1299,69.92,1,63.12,Medium,Midwest
1300,37.58,0,40.94,Medium,South
1301,37.9,0,52.87,Large,Midwest
1302,30.01,0,41.97,Medium,Midwest
1303,67.05,1,72.11,Small,South
1304,28.88,0,41.74,Small,Northeast
1305,28.99,0,45.7,Small,West
1306,20.42,0,38.53,Medium,Northeast
1307,43.3,0,52.93,Medium,Northeast
1308,46.21,0,56.75,Small,South
1309,47.07,0,53.63,Small,Northeast
1310,65.97,1,70.29,Large,South
1311,44.88,0,43.95,Small,West
1312,20.26,0,42.21,Medium,West
1313,56.57,1,62.4,Medium,South
1314,30.27,0,43.83,Medium,Northeast
1315,21.5,0,28.8,Small,West
1316,66.64,1,58.98,Large,West
1317,34.75,0,48.51,Small,Northeast
1318,65.32,1,68.43,Large,Midwest
1319,58.5,1,65.3,Medium,West
1320,73.0,1,70.46,Medium,West
1321,41.49,0,44.75,Medium,South
1322,59.0,1,58.36,Enterprise,Midwest
1323,54.09,1,50.5,Medium,Midwest
1324,66.97,1,68.11,Small,Midwest
1325,39.76,0,59.41,Medium,West
1326,55.97,1,61.53,Medium,South
1327,52.45,1,56.43,Small,Northeast
1328,22.62,0,41.44,Enterprise,Midwest
1329,22.04,0,40.34,Small,West
1330,74.18,1,62.41,Enterprise,West
1331,58.45,1,64.49,Medium,Northeast
1332,56.79,1,61.85,Medium,West
1333,64.59,1,65.44,Large,Northeast
1334,20.94,0,50.41,Small,West
1335,33.92,0,46.46,Medium,Midwest
1336,59.01,1,72.62,Small,Northeast
1337,63.1,1,61.42,Small,Northeast
1338,57.78,1,55.34,Large,South
1339,44.66,0,48.28,Small,Northeast
1340,55.33,1,67.53,Medium,Northeast
1341,61.99,1,61.2,Medium,West
1342,44.38,0,45.06,Enterprise,Northeast
1343,53.84,1,62.62,Enterprise,West
1344,24.74,0,40.45,Small,South
1345,30.17,0,47.96,Large,Midwest
1346,66.35,1,63.82,Small,Midwest
1347,42.8,0,46.78,Medium,South
1348,66.68,1,75.64,Large,South
1349,60.46,1,60.07,Small,West
1350,41.76,0,46.7,Large,Northeast
1351,66.25,1,69.43,Small,South
1352,27.58,0,29.86,Enterprise,West
1353,29.64,0,48.48,Medium,South
1354,44.55,0,61.22,Small,Northeast
1355,59.35,1,68.0,Small,Northeast
1356,37.87,0,43.73,Large,Midwest
1357,39.39,0,46.08,Large,West
1358,71.7,1,70.17,Large,Northeast
1359,73.99,1,72.82,Medium,South
1360,74.75,1,79.45,Medium,Northeast
1361,21.32,0,48.5,Large,West
1362,67.9,1,66.88,Small,West
1363,65.71,1,64.2,Small,South
1364,35.49,0,43.84,Small,Northeast
1365,33.6,0,50.02,Large,Midwest
1366,22.09,0,46.45,Medium,Midwest
1367,69.32,1,69.0,Small,Midwest
1368,56.45,1,62.22,Enterprise,South
1369,20.95,0,51.04,Medium,Northeast
1370,33.52,0,50.16,Small,Northeast
1371,69.85,1,58.66,Medium,West
1372,56.13,1,61.89,Enterprise,South
1373,71.35,1,70.68,Large,South
1374,28.8,0,43.05,Medium,West
1375,77.16,1,78.89,Large,West
1376,32.45,0,44.57,Medium,West
1377,38.21,0,44.18,Large,Midwest
1378,75.57,1,68.23,Large,Midwest
1379,38.77,0,52.76,Medium,South
1380,55.71,1,55.08,Medium,Northeast
1381,40.65,0,47.86,Small,Midwest
1382,64.38,1,70.43,Large,South
1383,38.68,0,42.54,Small,South
1384,46.48,0,48.05,Medium,Midwest
1385,25.03,0,34.04,Enterprise,South
1386,75.26,1,67.15,Medium,Midwest
1387,74.36,1,68.57,Small,Northeast
1388,68.25,1,66.94,Small,West
1389,72.39,1,65.61,Enterprise,West
1390,56.16,1,60.17,Large,Midwest
1391,25.13,0,47.46,Large,South
1392,24.24,0,43.79,Medium,South
1393,67.16,1,78.25,Medium,West
1394,51.02,1,56.15,Medium,South
1395,36.62,0,46.06,Large,West
1396,22.25,0,41.89,Medium,South
1397,79.04,1,70.95,Medium,West
1398,25.8,0,42.77,Medium,South
1399,41.86,0,41.34,Large,Midwest
1400,60.81,1,62.55,Small,Northeast
1401,57.39,1,67.08,Medium,West
1402,27.58,0,53.31,Medium,Midwest
1403,57.23,1,69.86,Enterprise,Midwest
1404,40.18,0,50.72,Medium,Northeast
1405,30.24,0,47.52,Large,Midwest
1406,57.02,1,64.16,Medium,South
1407,74.03,1,68.24,Large,South
1408,65.09,1,61.75,Enterprise,South
1409,29.75,0,46.12,Small,South
1410,30.45,0,44.67,Small,West
1411,48.16,0,58.28,Large,South
1412,21.27,0,28.73,Large,West
1413,21.24,0,39.75,Medium,Northeast
1414,35.11,0,53.6,Medium,South
1415,26.4,0,46.08,Large,Midwest
1416,52.8,1,55.49,Large,West
1417,22.61,0,34.76,Medium,South
1418,34.61,0,47.08,Medium,Midwest
1419,23.49,0,45.67,Enterprise,West
1420,51.83,1,62.5,Medium,West
1421,41.16,0,51.16,Small,West
1422,24.98,0,45.7,Enterprise,South
1423,41.26,0,51.92,Large,West
1424,20.04,0,43.02,Medium,West
1425,69.53,1,73.45,Large,South
1426,41.82,0,48.69,Small,Midwest
1427,59.95,1,59.55,Medium,South
1428,62.53,1,68.91,Small,South
1429,53.29,1,58.09,Enterprise,South
1430,55.33,1,51.93,Small,Northeast
1431,45.72,0,60.0,Small,Midwest
1432,44.45,0,53.49,Small,West
1433,38.36,0,50.23,Medium,South
1434,24.27,0,41.21,Small,Northeast
1435,40.97,0,54.67,Medium,South
1436,47.75,0,47.46,Large,West
1437,28.02,0,44.03,Small,South
1438,74.48,1,72.65,Enterprise,West
1439,20.5,0,43.01,Enterprise,Northeast
1440,33.43,0,38.17,Small,Midwest
1441,60.79,1,67.36,Small,Midwest
1442,69.41,1,66.61,Medium,West
1443,48.42,0,50.95,Medium,Midwest
1444,55.32,1,53.85,Medium,West
1445,36.38,0,59.35,Medium,Northeast
1446,77.26,1,71.99,Large,Midwest
1447,58.65,1,64.55,Large,South
1448,27.89,0,38.68,Enterprise,West
1449,64.19,1,58.45,Large,South
1450,27.67,0,47.91,Small,Midwest
1451,44.2,0,45.35,Small,West
1452,49.47,0,61.25,Large,Northeast
1453,63.34,1,74.68,Large,South
1454,79.78,1,70.01,Large,South
1455,42.29,0,48.84,Medium,Northeast
1456,60.54,1,51.56,Large,Midwest
1457,60.34,1,55.46,Enterprise,South
1458,31.05,0,48.69,Medium,Northeast
1459,58.57,1,69.56,Small,Northeast
1460,72.77,1,66.47,Enterprise,Northeast
1461,53.34,1,57.52,Enterprise,South
1462,48.79,0,46.49,Small,Midwest
1463,58.85,1,57.78,Medium,Northeast
1464,68.41,1,74.85,Large,West
1465,33.52,0,48.31,Small,Northeast
1466,29.79,0,35.92,Small,South
1467,59.07,1,66.37,Small,South
1468,22.08,0,52.89,Medium,Northeast
1469,69.52,1,66.79,Small,West
1470,38.12,0,45.73,Small,Midwest
1471,26.66,0,46.24,Small,South
1472,65.88,1,71.97,Large,West
1473,33.37,0,50.79,Large,Midwest
1474,44.09,0,50.46,Large,West
1475,44.83,0,50.31,Small,South
1476,69.21,1,59.99,Enterprise,Northeast
1477,35.87,0,41.78,Enterprise,South
1478,57.99,1,64.8,Small,South
1479,79.92,1,71.29,Enterprise,West
1480,55.96,1,63.21,Medium,Northeast
1481,28.46,0,43.04,Small,Northeast
1482,37.0,0,48.81,Medium,Midwest
1483,52.11,1,60.15,Medium,Midwest
1484,39.34,0,53.4,Enterprise,South
1485,50.99,1,63.74,Medium,South
1486,52.59,1,60.21,Large,South
1487,64.13,1,65.04,Large,Northeast
1488,57.38,1,62.51,Small,West
1489,61.88,1,61.02,Large,South
1490,33.1,0,51.98,Medium,West
1491,45.39,0,49.89,Small,South
1492,69.51,1,67.95,Medium,West
1493,65.13,1,67.45,Enterprise,West
1494,30.92,0,47.01,Large,Midwest
1495,23.84,0,43.26,Large,West
1496,59.19,1,62.91,Small,Northeast
1497,46.64,0,61.55,Large,Northeast
1498,44.63,0,52.69,Large,Midwest
1499,21.5,0,39.49,Enterprise,Northeast
1500,42.9,0,60.44,Large,Midwest
1501,30.72,0,41.47,Small,Northeast
1502,22.06,0,50.0,Enterprise,Northeast
1503,43.93,0,41.99,Large,South
1504,69.49,1,66.74,Small,West
1505,73.48,1,62.39,Large,Midwest
1506,34.29,0,40.33,Medium,West
1507,36.5,0,50.51,Large,West
1508,25.91,0,44.38,Small,West
1509,74.56,1,68.24,Large,Northeast
1510,23.91,0,50.12,Small,West
1511,76.24,1,77.79,Large,South
1512,58.49,1,62.99,Small,Midwest
1513,67.19,1,58.55,Small,West
1514,33.2,0,51.39,Small,West
1515,56.45,1,59.81,Medium,South
1516,26.53,0,44.72,Large,South
1517,59.52,1,67.75,Medium,South
1518,56.02,1,60.0,Medium,Northeast
1519,69.43,1,75.11,Enterprise,Midwest
1520,58.69,1,61.45,Medium,Midwest
1521,78.29,1,75.84,Medium,South
1522,49.42,0,58.49,Medium,Northeast
1523,53.11,1,65.12,Enterprise,Midwest
1524,24.55,0,51.0,Small,Northeast
1525,26.49,0,39.14,Small,South
1526,30.41,0,39.54,Medium,West
1527,27.1,0,41.94,Large,Northeast
1528,28.24,0,59.34,Small,West
1529,35.63,0,54.57,Enterprise,Midwest
1530,36.71,0,45.6,Small,South
1531,61.73,1,63.13,Large,Northeast
1532,49.19,0,54.52,Small,Northeast
1533,75.62,1,73.18,Enterprise,West
1534,40.58,0,53.49,Medium,Northeast
1535,23.8,0,45.32,Small,Midwest
1536,70.65,1,75.31,Small,West
1537,70.56,1,79.29,Medium,South
1538,41.8,0,50.23,Medium,South
1539,24.22,0,41.04,Small,South
1540,72.85,1,68.6,Medium,West
1541,76.01,1,70.62,Medium,West
1542,79.83,1,75.76,Medium,West
1543,43.46,0,54.91,Small,Northeast
1544,27.63,0,52.44,Medium,Midwest
1545,42.67,0,47.79,Enterprise,Midwest
1546,55.13,1,63.36,Medium,West
1547,22.6,0,37.09,Large,Midwest
1548,36.45,0,50.25,Small,South
1549,76.52,1,85.62,Small,South
1550,22.65,0,40.64,Enterprise,West
1551,29.06,0,56.79,Large,Midwest
1552,54.86,1,57.25,Large,Northeast
1553,77.46,1,70.43,Medium,West
1554,76.42,1,70.5,Large,Midwest
1555,35.45,0,48.6,Enterprise,Northeast
1556,56.83,1,61.64,Small,South
1557,77.9,1,76.77,Small,South
1558,57.78,1,49.15,Enterprise,Midwest
1559,33.29,0,41.75,Small,Midwest
1560,61.62,1,74.28,Medium,West
1561,50.67,1,52.3,Small,Northeast
1562,49.63,0,53.03,Medium,South
1563,49.3,0,57.71,Medium,Northeast
1564,26.75,0,43.15,Small,Northeast
1565,67.37,1,63.43,Small,West
1566,40.82,0,52.63,Medium,West
1567,31.09,0,49.72,Medium,West
1568,46.45,0,50.24,Large,Midwest
1569,58.58,1,65.33,Large,South
1570,53.21,1,64.91,Small,South
1571,69.15,1,73.98,Medium,Midwest
1572,70.6,1,71.15,Large,Midwest
1573,57.24,1,71.16,Medium,Northeast
1574,53.1,1,60.79,Enterprise,West
1575,54.0,1,56.09,Enterprise,West
1576,43.59,0,50.7,Medium,West
1577,48.16,0,60.14,Small,Northeast
1578,51.6,1,55.33,Small,South
1579,68.05,1,56.82,Small,Midwest
1580,64.75,1,68.67,Large,South
1581,31.73,0,43.65,Small,South
1582,78.67,1,84.58,Enterprise,Midwest
1583,77.92,1,74.29,Large,Northeast
1584,36.75,0,54.56,Enterprise,Northeast
1585,79.93,1,71.51,Medium,Northeast
1586,51.51,1,62.72,Small,South
1587,33.6,0,48.66,Small,South
1588,63.23,1,72.51,Large,West
1589,22.88,0,42.4,Small,Northeast
1590,61.26,1,62.01,Enterprise,South
1591,70.1,1,74.24,Small,Northeast
1592,41.03,0,46.95,Large,South
1593,40.08,0,45.95,Medium,Northeast
1594,36.35,0,47.95,Large,South
1595,44.45,0,50.59,Large,West
1596,54.41,1,61.29,Small,West
1597,65.72,1,63.52,Enterprise,South
1598,73.2,1,76.2,Medium,South
1599,52.91,1,65.98,Medium,West
1600,48.5,0,58.4,Enterprise,Midwest
1601,42.48,0,54.9,Large,South
1602,55.72,1,52.62,Small,West
1603,28.69,0,44.93,Small,South
1604,48.02,0,58.3,Enterprise,West
1605,50.53,1,65.97,Medium,West
1606,57.76,1,61.86,Medium,West
1607,24.11,0,48.57,Small,Northeast
1608,45.78,0,54.43,Medium,South
1609,65.71,1,53.94,Small,South
1610,67.04,1,67.03,Small,Midwest
1611,52.59,1,56.1,Medium,South
1612,72.31,1,67.1,Small,Northeast
1613,65.29,1,71.9,Medium,South
1614,67.84,1,69.41,Large,South
1615,67.58,1,65.2,Large,West
1616,63.72,1,62.47,Small,West
1617,71.37,1,71.88,Small,South
1618,25.81,0,41.98,Large,Northeast
1619,50.23,1,62.6,Medium,Midwest
1620,69.53,1,64.63,Small,South
1621,26.56,0,41.38,Large,South
1622,29.31,0,39.06,Medium,South
1623,44.1,0,49.28,Small,South
1624,53.84,1,71.81,Large,Northeast
1625,63.43,1,62.03,Medium,Midwest
1626,53.65,1,58.46,Medium,West
1627,33.0,0,42.38,Enterprise,West
1628,70.87,1,68.52,Small,Midwest
1629,35.9,0,47.59,Medium,South
1630,71.48,1,75.83,Small,West
1631,49.7,0,52.82,Enterprise,Midwest
1632,22.43,0,41.79,Medium,South
1633,48.77,0,45.02,Enterprise,South
1634,59.24,1,59.3,Medium,West
1635,72.8,1,75.83,Large,West
1636,54.93,1,57.18,Large,Midwest
1637,79.49,1,77.58,Small,South
1638,42.84,0,46.79,Large,South
1639,34.74,0,46.51,Small,Midwest
1640,46.6,0,61.88,Small,Northeast
1641,59.51,1,67.48,Medium,South
1642,25.7,0,33.09,Large,Northeast
1643,25.4,0,58.81,Small,West
1644,57.46,1,57.54,Large,South
1645,43.03,0,60.85,Large,South
1646,66.99,1,65.27,Medium,West
1647,35.82,0,41.77,Small,South
1648,46.01,0,50.75,Medium,South
1649,50.9,1,56.18,Small,South
1650,76.54,1,69.53,Small,West
1651,20.44,0,40.52,Small,South
1652,33.02,0,48.9,Small,South
1653,25.52,0,49.86,Large,South
1654,79.48,1,74.81,Medium,Midwest
1655,27.93,0,44.35,Enterprise,South
1656,69.39,1,65.08,Large,South
1657,51.2,1,58.2,Enterprise,Midwest
1658,66.95,1,64.95,Large,Midwest
1659,38.1,0,42.19,Small,Midwest
1660,48.53,0,67.02,Small,South
1661,78.67,1,74.55,Small,West
1662,25.71,0,44.13,Large,Midwest
1663,57.24,1,68.71,Large,West
1664,77.5,1,59.84,Small,South
1665,27.6,0,54.99,Large,South
1666,70.4,1,64.91,Small,South
1667,36.57,0,43.87,Large,Midwest
1668,32.04,0,43.31,Medium,South
1669,29.99,0,49.92,Small,West
1670,64.14,1,76.79,Medium,South
1671,22.15,0,49.27,Enterprise,Midwest
1672,45.23,0,50.21,Large,South
1673,61.82,1,55.92,Medium,South
1674,28.38,0,42.12,Medium,South
1675,33.44,0,43.52,Medium,South
1676,29.15,0,36.35,Small,Midwest
1677,21.57,0,43.7,Large,Northeast
1678,47.39,0,53.72,Small,Northeast
1679,49.81,0,57.41,Medium,South
1680,76.74,1,76.03,Small,South
1681,63.68,1,69.27,Large,Northeast
1682,78.21,1,72.78,Small,West
1683,65.41,1,74.91,Medium,Northeast
1684,78.73,1,70.91,Medium,Midwest
1685,34.89,0,44.25,Large,South
1686,30.06,0,43.87,Enterprise,Northeast
1687,43.48,0,54.43,Small,South
1688,49.51,0,58.16,Small,Northeast
1689,69.48,1,67.04,Large,Northeast
1690,52.49,1,58.65,Small,South
1691,77.15,1,79.1,Small,West
1692,37.31,0,42.12,Small,South
1693,54.73,1,75.1,Small,Midwest
1694,59.1,1,62.05,Medium,Northeast
1695,29.35,0,43.65,Medium,West
1696,67.13,1,69.41,Medium,South
1697,58.36,1,65.84,Small,Northeast
1698,31.51,0,42.48,Small,South
1699,44.81,0,54.1,Enterprise,West
1700,58.45,1,58.55,Medium,Midwest
1701,64.0,1,63.01,Enterprise,Northeast
1702,45.04,0,44.5,Enterprise,Northeast
1703,63.35,1,66.38,Medium,West
1704,35.64,0,46.94,Enterprise,West
1705,38.3,0,39.08,Small,Northeast
1706,20.71,0,36.95,Medium,South
1707,49.25,0,54.48,Large,Northeast
1708,31.3,0,49.95,Small,Northeast
1709,56.12,1,55.65,Medium,Northeast
1710,77.94,1,71.46,Enterprise,South
1711,79.98,1,68.49,Enterprise,Northeast
1712,42.46,0,54.86,Medium,Midwest
1713,64.02,1,62.67,Large,South
1714,77.64,1,75.42,Large,South
1715,51.41,1,57.91,Medium,West
1716,40.04,0,41.5,Medium,South
1717,29.35,0,44.32,Large,Northeast
1718,30.56,0,39.36,Medium,South
1719,71.25,1,75.22,Large,South
1720,35.54,0,56.86,Small,South
1721,36.24,0,51.31,Large,South
1722,64.8,1,63.2,Medium,South
1723,70.21,1,69.22,Small,South
1724,32.51,0,47.7,Large,West
1725,61.32,1,70.08,Medium,South
1726,46.8,0,52.46,Large,South
1727,36.6,0,50.34,Small,West
1728,51.21,1,51.21,Small,South
1729,66.65,1,68.53,Enterprise,Northeast
1730,25.97,0,38.68,Medium,South
1731,24.27,0,42.35,Small,South
1732,74.7,1,66.16,Medium,West
1733,77.8,1,74.96,Medium,West
1734,51.71,1,63.05,Enterprise,West
1735,28.62,0,43.14,Small,South
1736,24.71,0,38.03,Medium,South
1737,29.36,0,47.55,Medium,South
1738,36.96,0,56.27,Small,South
1739,61.03,1,74.12,Large,West
1740,26.61,0,45.29,Small,Northeast
1741,28.22,0,45.5,Small,South
1742,62.78,1,58.81,Medium,South
1743,35.44,0,54.29,Medium,West
1744,32.96,0,34.87,Enterprise,Midwest
1745,54.96,1,67.44,Large,Northeast
1746,24.73,0,42.5,Small,Midwest
1747,57.75,1,50.71,Small,South
1748,21.15,0,42.26,Medium,Midwest
1749,33.98,0,46.21,Small,Northeast
1750,47.03,0,51.27,Small,South
1751,57.86,1,61.58,Enterprise,South
1752,32.23,0,46.02,Large,Northeast
1753,72.75,1,70.27,Medium,Midwest
1754,75.14,1,64.19,Small,West
1755,48.84,0,56.44,Large,Northeast
1756,36.34,0,46.27,Medium,South
1757,26.63,0,51.25,Medium,South
1758,76.32,1,76.46,Medium,South
1759,28.01,0,48.87,Enterprise,Midwest
1760,37.92,0,58.27,Small,Midwest
1761,39.74,0,53.55,Large,South
1762,36.1,0,47.32,Enterprise,West
1763,20.12,0,27.27,Medium,South
1764,32.43,0,47.42,Enterprise,West
1765,64.91,1,75.11,Small,West
1766,32.32,0,50.64,Large,Northeast
1767,65.84,1,64.38,Medium,Northeast
1768,44.95,0,52.78,Medium,West
1769,24.86,0,39.65,Large,South
1770,69.62,1,70.34,Large,Midwest
1771,58.11,1,60.5,Medium,Northeast
1772,56.73,1,69.56,Medium,West
1773,29.01,0,45.11,Medium,South
1774,57.4,1,63.99,Enterprise,Midwest
1775,67.79,1,63.76,Large,Northeast
1776,79.78,1,71.8,Medium,Northeast
1777,60.25,1,58.35,Medium,West
1778,45.93,0,60.05,Enterprise,Midwest
1779,69.13,1,66.0,Large,West
1780,23.02,0,42.31,Large,Northeast
1781,45.16,0,44.83,Large,South
1782,63.93,1,59.81,Small,West
1783,41.57,0,49.53,Small,Midwest
1784,23.54,0,40.21,Medium,Midwest
1785,26.66,0,44.55,Medium,Northeast
1786,30.03,0,55.07,Large,Midwest
1787,69.88,1,58.85,Large,Midwest
1788,63.25,1,70.52,Enterprise,Northeast
1789,65.83,1,69.41,Small,South
1790,74.56,1,68.19,Large,Northeast
1791,38.16,0,46.91,Enterprise,West
1792,64.58,1,71.89,Small,West
1793,41.87,0,50.63,Small,Northeast
1794,67.14,1,65.96,Enterprise,West
1795,61.75,1,59.63,Small,South
1796,79.39,1,69.51,Large,West
1797,65.42,1,60.63,Medium,South
1798,20.35,0,44.6,Medium,Northeast
1799,61.99,1,61.07,Enterprise,West
1800,26.1,0,37.08,Medium,West
1801,52.77,1,61.26,Medium,South
1802,29.44,0,40.64,Small,South
1803,49.68,0,62.58,Small,West
1804,67.56,1,67.98,Medium,Northeast
1805,37.35,0,49.7,Large,West
1806,29.16,0,45.62,Small,West
1807,38.87,0,52.29,Medium,South
1808,30.42,0,48.76,Medium,Northeast
1809,31.01,0,45.65,Large,Northeast
1810,61.83,1,59.84,Small,West
1811,62.26,1,64.36,Enterprise,West
1812,51.75,1,60.17,Enterprise,South
1813,35.13,0,39.41,Small,West
1814,51.78,1,49.37,Medium,West
1815,76.91,1,66.39,Large,West
1816,43.02,0,41.76,Small,South
1817,45.41,0,50.27,Large,West
1818,49.66,0,50.96,Enterprise,Northeast
1819,30.7,0,45.8,Large,Northeast
1820,34.68,0,50.89,Small,Midwest
1821,61.46,1,66.18,Small,Northeast
1822,29.69,0,47.02,Medium,Northeast
1823,56.27,1,66.87,Small,Northeast
1824,43.15,0,49.95,Large,South
1825,38.38,0,36.15,Medium,South
1826,52.99,1,51.77,Large,West
1827,33.54,0,49.26,Large,South
1828,38.58,0,50.27,Small,South
1829,51.47,1,63.21,Large,West
1830,59.44,1,77.93,Large,West
1831,70.18,1,70.19,Medium,South
1832,69.48,1,68.26,Medium,Midwest
1833,49.86,0,56.66,Small,West
1834,24.45,0,36.28,Large,West
1835,31.28,0,49.42,Enterprise,South
1836,20.03,0,39.16,Large,Midwest
1837,31.14,0,53.98,Small,Midwest
1838,21.84,0,32.92,Medium,Northeast
1839,62.88,1,65.46,Enterprise,Midwest
1840,52.77,1,57.25,Large,Northeast
1841,22.14,0,35.74,Medium,South
1842,57.06,1,65.64,Large,Northeast
1843,68.85,1,66.84,Small,Northeast
1844,21.71,0,47.51,Enterprise,Northeast
1845,27.62,0,41.16,Medium,West
1846,48.27,0,52.17,Small,Northeast
1847,22.54,0,51.34,Small,Northeast
1848,21.28,0,33.88,Small,West
1849,54.95,1,57.55,Large,Midwest
1850,53.75,1,45.43,Large,Midwest
1851,68.4,1,65.97,Large,West
1852,24.67,0,45.79,Medium,Midwest
1853,73.83,1,72.96,Large,Midwest
1854,21.12,0,41.28,Large,South
1855,38.08,0,44.66,Large,Midwest
1856,22.92,0,40.51,Large,West
1857,34.66,0,45.34,Small,South
1858,68.91,1,68.43,Enterprise,Northeast
1859,27.51,0,44.63,Small,South
1860,32.11,0,44.3,Large,South
1861,56.68,1,62.46,Medium,Northeast
1862,21.3,0,40.16,Small,Midwest
1863,56.15,1,58.7,Small,West
1864,73.66,1,71.23,Enterprise,Northeast
1865,24.17,0,35.7,Medium,South
1866,20.35,0,41.08,Medium,South
1867,44.36,0,46.62,Enterprise,Midwest
1868,70.94,1,69.34,Medium,Northeast
1869,76.11,1,74.38,Large,West
1870,68.07,1,63.41,Enterprise,Northeast
1871,58.96,1,68.64,Large,West
1872,45.59,0,61.74,Small,Northeast
1873,67.34,1,64.42,Enterprise,West
1874,65.4,1,65.98,Large,South
1875,31.02,0,51.57,Medium,West
1876,62.95,1,56.48,Large,West
1877,67.55,1,67.94,Small,West
1878,74.05,1,69.52,Small,West
1879,63.78,1,70.39,Large,South
1880,63.94,1,64.75,Large,South
1881,74.1,1,73.31,Medium,West
1882,31.66,0,41.71,Large,West
1883,53.0,1,65.26,Enterprise,South
1884,73.61,1,65.2,Small,South
1885,57.9,1,67.3,Medium,Northeast
1886,75.88,1,72.32,Small,South
1887,23.03,0,29.74,Enterprise,South
1888,32.84,0,46.73,Small,West
1889,33.28,0,49.68,Medium,South
1890,24.71,0,36.21,Enterprise,South
1891,57.36,1,58.45,Large,Northeast
1892,44.09,0,52.49,Small,Northeast
1893,34.55,0,44.72,Enterprise,West
1894,63.66,1,67.48,Small,Northeast
1895,60.57,1,63.24,Medium,West
1896,22.35,0,34.58,Small,Northeast
1897,46.37,0,64.83,Large,West
1898,63.21,1,63.91,Small,Northeast
1899,26.2,0,43.72,Large,Midwest
1900,67.7,1,76.71,Medium,West
1901,56.96,1,66.8,Medium,Northeast
1902,63.09,1,68.28,Enterprise,Midwest
1903,35.02,0,52.8,Large,West
1904,64.86,1,69.19,Medium,Northeast
1905,30.42,0,47.97,Medium,South
1906,71.62,1,72.65,Medium,South
1907,32.36,0,45.34,Medium,West
1908,36.09,0,53.42,Enterprise,South
1909,60.25,1,67.5,Small,Midwest
1910,40.01,0,38.51,Medium,West
1911,38.54,0,53.53,Large,Midwest
1912,23.75,0,37.91,Enterprise,Northeast
1913,69.21,1,69.82,Small,Northeast
1914,47.56,0,45.42,Small,South
1915,43.58,0,48.88,Large,South
1916,34.73,0,45.54,Enterprise,South
1917,53.31,1,63.34,Large,South
1918,53.57,1,57.85,Medium,West
1919,20.14,0,29.24,Small,West
1920,25.14,0,40.12,Enterprise,Northeast
1921,56.78,1,60.48,Large,South
1922,37.04,0,51.68,Large,Midwest
1923,79.03,1,74.25,Enterprise,Northeast
1924,34.91,0,43.62,Enterprise,Northeast
1925,29.12,0,45.95,Small,West
1926,22.68,0,50.51,Small,West
1927,61.19,1,70.45,Small,West
1928,37.44,0,39.17,Enterprise,West
1929,36.44,0,60.59,Medium,Midwest
1930,26.63,0,49.23,Large,West
1931,23.15,0,49.5,Medium,South
1932,33.82,0,39.31,Medium,South
1933,43.8,0,49.83,Medium,Northeast
1934,59.72,1,66.8,Enterprise,Midwest
1935,26.07,0,37.43,Medium,Northeast
1936,41.97,0,53.62,Large,West
1937,79.54,1,81.94,Small,South
1938,60.87,1,62.77,Medium,West
1939,79.95,1,82.49,Small,South
1940,24.76,0,45.89,Small,South
1941,44.29,0,42.85,Large,South
1942,33.81,0,42.56,Small,South
1943,76.49,1,77.79,Medium,South
1944,74.32,1,66.0,Small,Northeast
1945,54.14,1,66.47,Enterprise,West
1946,38.43,0,52.27,Small,Northeast
1947,52.69,1,61.91,Large,West
1948,72.27,1,67.25,Enterprise,South
1949,54.43,1,62.72,Enterprise,South
1950,65.92,1,75.37,Large,West
1951,61.27,1,62.68,Large,Midwest
1952,25.85,0,45.98,Medium,South
1953,65.47,1,76.77,Large,South
1954,32.52,0,47.57,Enterprise,Northeast
1955,72.23,1,67.66,Medium,Midwest
1956,38.58,0,46.78,Large,Midwest
1957,53.86,1,50.51,Enterprise,West
1958,37.14,0,42.52,Small,South
1959,20.51,0,41.95,Medium,Northeast
1960,66.81,1,72.25,Small,Northeast
1961,62.89,1,63.32,Medium,West
1962,75.42,1,76.49,Large,West
1963,54.35,1,65.65,Medium,South
1964,31.29,0,41.79,Small,South
1965,30.25,0,42.15,Large,West
1966,43.36,0,44.95,Small,South
1967,39.84,0,53.64,Medium,West
1968,44.48,0,52.26,Small,West
1969,33.5,0,51.19,Enterprise,Midwest
1970,79.32,1,73.36,Medium,Midwest
1971,25.14,0,37.87,Large,Northeast
1972,64.35,1,70.07,Medium,Northeast
1973,54.06,1,51.12,Medium,West
1974,53.34,1,58.98,Small,Northeast
1975,56.8,1,58.53,Medium,Northeast
1976,74.24,1,78.75,Enterprise,West
1977,60.51,1,73.0,Large,Northeast
1978,36.25,0,50.24,Small,Midwest
1979,36.15,0,45.18,Medium,Midwest
1980,69.69,1,77.45,Medium,Northeast
1981,48.68,0,50.85,Large,Northeast
1982,62.29,1,58.23,Large,South
1983,42.55,0,41.34,Medium,Northeast
1984,64.29,1,66.66,Enterprise,Northeast
1985,45.45,0,44.15,Large,West
1986,49.59,0,61.89,Medium,West
1987,75.71,1,68.95,Medium,Northeast
1988,49.69,0,48.41,Enterprise,Midwest
1989,33.49,0,52.32,Small,South
1990,51.89,1,64.32,Small,South
1991,20.51,0,48.57,Large,West
1992,36.74,0,39.87,Medium,Northeast
1993,56.25,1,52.57,Small,West
1994,24.26,0,49.93,Large,South
1995,47.32,0,39.63,Small,Midwest
1996,55.93,1,55.89,Large,West
1997,33.59,0,47.07,Medium,Midwest
1998,33.07,0,39.89,Large,West
1999,60.13,1,65.12,Large,Northeast
2000,78.45,1,67.48,Small,Midwest
